{"cameraMode":{"drawMode":0,"name":"Shaded","section":"Shading Mode"},"sceneLighting":false,"audioPlay":false,"sceneViewState":{"m_AlwaysRefresh":false,"showFog":true,"showSkybox":false,"showFlares":true,"showImageEffects":true,"showParticleSystems":true,"showVisualEffectGraphs":true,"m_FxEnabled":true},"in2DMode":false,"pivot":{"x":-0.24115407466888429,"y":0.29091769456863406,"z":-0.1487738937139511},"rotation":{"x":-0.1487768441438675,"y":-0.7673450112342835,"z":0.19244159758090974,"w":-0.5933266878128052},"size":0.7875876426696777,"orthographic":false}